{
  "deltas": [
    0.6268789768218994,
    0.3636106252670288,
    1.5026057958602905,
    1.5372872352600098,
    1.490283727645874,
    1.4215830564498901,
    1.370927095413208,
    1.3351012468338013,
    0.898368775844574,
    2.1800167560577393
  ],
  "eta": 2.1307520866394043
}