{
  "deltas": [
    1.0001529455184937,
    0.9980946183204651,
    0.9931252598762512,
    0.9854126572608948,
    0.9766238331794739,
    0.9687939882278442,
    0.9629016518592834,
    0.9587783217430115,
    0.9556809663772583,
    0.9526694416999817,
    0.9489212036132812,
    0.9442457556724548,
    0.9391941428184509,
    0.9344154596328735,
    0.9304171800613403,
    0.9277543425559998,
    0.9266623854637146,
    0.9266822934150696,
    0.9270286560058594,
    0.926986813545227,
    0.9256995320320129,
    0.9219407439231873,
    0.9151101112365723,
    0.9066112637519836,
    0.9017248749732971,
    0.9033424854278564,
    0.9054768681526184,
    0.9042307138442993,
    0.8973638415336609,
    0.8831695914268494,
    0.8520644903182983,
    0.8490623235702515,
    0.7539131045341492,
    1.3238489627838135,
    1.359337329864502,
    1.4491113424301147,
    1.5878325700759888,
    1.6257221698760986,
    1.5954023599624634,
    1.5347481966018677,
    1.447655439376831,
    1.3408948183059692,
    1.2598109245300293,
    1.214995265007019,
    1.189735770225525,
    1.1729637384414673,
    1.1586458683013916,
    1.1261742115020752,
    0.9106885194778442,
    1.7809607982635498
  ],
  "eta": 1.7761285305023193
}